SPA,LASTNAME,FIRSTNAME,NUMBER
test2.txt,a,b
new_File.txt,a,b
test-not-found.txt,a,b
test.txt,j,c
test2.txt,a,b
new_File.txt,a,b
test-not-found.txt,a,b
test.txt,j,c
test2.txt,a,b
new_File.txt,a,b
test-not-found.txt,a,b
test.txt,j,c
test2.txt,a,b
new_File.txt,a,b
test-not-found.txt,a,b
test.txt,j,c
test2.txt,a,b
new_File.txt,a,b
test-not-found.txt,a,b
test.txt,j,c
test2.txt,a,b
new_File.txt,a,b
test-not-found.txt,a,b
test.txt,j,c
test2.txt,a,b
new_File.txt,a,b
test-not-found.txt,a,b
test.txt,j,c
test2.txt,a,b
new_File.txt,a,b
test-not-found.txt,a,b
test.txt,j,c
test2.txt,a,b
new_File.txt,a,b
test-not-found.txt,a,b
test.txt,j,c
test2.txt,a,b
new_File.txt,a,b
test-not-found.txt,a,b
test.txt,j,c
test2.txt,a,b
new_File.txt,a,b
test-not-found.txt,a,b
test.txt,j,c
test2.txt,a,b
new_File.txt,a,b
test-not-found.txt,a,b
test.txt,j,c
test2.txt,a,b
new_File.txt,a,b
test-not-found.txt,a,b
test.txt,j,c
test2.txt,a,b
new_File.txt,a,b
test-not-found.txt,a,b
test.txt,j,c
test2.txt,a,b
new_File.txt,a,b
test-not-found.txt,a,b
test.txt,j,c
test2.txt,a,b
new_File.txt,a,b
test-not-found.txt,a,b
test.txt,j,c
test2.txt,a,b
new_File.txt,a,b
test-not-found.txt,a,b
test.txt,j,c
test2.txt,a,b
new_File.txt,a,b
test-not-found.txt,a,b
test.txt,j,c
test2.txt,a,b
new_File.txt,a,b
test-not-found.txt,a,b
test.txt,j,c
test2.txt,a,b
new_File.txt,a,b
test-not-found.txt,a,b
test.txt,j,c
test2.txt,a,b
new_File.txt,a,b
test-not-found.txt,a,b
test.txt,j,c
test2.txt,a,b
new_File.txt,a,b
test-not-found.txt,a,b
test.txt,j,c
test2.txt,a,b
new_File.txt,a,b
test-not-found.txt,a,b
test.txt,j,c
test2.txt,a,b
new_File.txt,a,b
test-not-found.txt,a,b
test.txt,j,c
test2.txt,a,b
new_File.txt,a,b
test-not-found.txt,a,b
test.txt,j,c
test2.txt,a,b
new_File.txt,a,b
test-not-found.txt,a,b
test.txt,j,c
test2.txt,a,b
new_File.txt,a,b
test-not-found.txt,a,b
test.txt,j,c
test2.txt,a,b
new_File.txt,a,b
test-not-found.txt,a,b
test.txt,j,c
test2.txt,a,b
new_File.txt,a,b
test-not-found.txt,a,b
test.txt,j,c
test2.txt,a,b
new_File.txt,a,b
test-not-found.txt,a,b
test.txt,j,c
test2.txt,a,b
new_File.txt,a,b
test-not-found.txt,a,b
test.txt,j,c
test2.txt,a,b
new_File.txt,a,b
test-not-found.txt,a,b
test.txt,j,c
test2.txt,a,b
new_File.txt,a,b
test-not-found.txt,a,b
test.txt,j,c
test2.txt,a,b
new_File.txt,a,b
test-not-found.txt,a,b
test.txt,j,c
test2.txt,a,b
new_File.txt,a,b
test-not-found.txt,a,b
test.txt,j,c
test2.txt,a,b
new_File.txt,a,b
test-not-found.txt,a,b
test.txt,j,c
test2.txt,a,b
new_File.txt,a,b
test-not-found.txt,a,b
test.txt,j,c
test2.txt,a,b
new_File.txt,a,b
test-not-found.txt,a,b
test.txt,j,c
test2.txt,a,b
new_File.txt,a,b
test-not-found.txt,a,b
test.txt,j,c
test2.txt,a,b
new_File.txt,a,b
test-not-found.txt,a,b
test.txt,j,c
test2.txt,a,b
new_File.txt,a,b
test-not-found.txt,a,b
test.txt,j,c
test2.txt,a,b
new_File.txt,a,b
test-not-found.txt,a,b
test.txt,j,c
test2.txt,a,b
new_File.txt,a,b
test-not-found.txt,a,b
test.txt,j,c
test2.txt,a,b
new_File.txt,a,b
test-not-found.txt,a,b
test.txt,j,c
test2.txt,a,b
new_File.txt,a,b
test-not-found.txt,a,b
test.txt,j,c
test2.txt,a,b
new_File.txt,a,b
test-not-found.txt,a,b
test.txt,j,c
test2.txt,a,b
new_File.txt,a,b
test-not-found.txt,a,b
test.txt,j,c
test2.txt,a,b
new_File.txt,a,b
test-not-found.txt,a,b
test.txt,j,c
test2.txt,a,b
new_File.txt,a,b
test-not-found.txt,a,b
test.txt,j,c
test2.txt,a,b
new_File.txt,a,b
test-not-found.txt,a,b
test.txt,j,c
test2.txt,a,b
new_File.txt,a,b
test-not-found.txt,a,b
test.txt,j,c
test2.txt,a,b
new_File.txt,a,b
test-not-found.txt,a,b
test.txt,j,c
test2.txt,a,b
new_File.txt,a,b
test-not-found.txt,a,b
test.txt,j,c
test2.txt,a,b
new_File.txt,a,b
test-not-found.txt,a,b
test.txt,j,c
test2.txt,a,b
new_File.txt,a,b
test-not-found.txt,a,b
test.txt,j,c
test2.txt,a,b
new_File.txt,a,b
test-not-found.txt,a,b
test.txt,j,c
test2.txt,a,b
new_File.txt,a,b
test-not-found.txt,a,b
test.txt,j,c
test2.txt,a,b
new_File.txt,a,b
test-not-found.txt,a,b
test.txt,j,c
test2.txt,a,b
new_File.txt,a,b
test-not-found.txt,a,b
test.txt,j,c
test2.txt,a,b
new_File.txt,a,b
test-not-found.txt,a,b
test.txt,j,c
test2.txt,a,b
new_File.txt,a,b
test-not-found.txt,a,b
test.txt,j,c
test2.txt,a,b
new_File.txt,a,b
test-not-found.txt,a,b
test.txt,j,c
test2.txt,a,b
new_File.txt,a,b
test-not-found.txt,a,b
test.txt,j,c
test2.txt,a,b
new_File.txt,a,b
test-not-found.txt,a,b
test.txt,j,c
test2.txt,a,b
new_File.txt,a,b
test-not-found.txt,a,b
test.txt,j,c
test2.txt,a,b
new_File.txt,a,b
test-not-found.txt,a,b
test.txt,j,c
test2.txt,a,b
new_File.txt,a,b
test-not-found.txt,a,b
test.txt,j,c
test2.txt,a,b
new_File.txt,a,b
test-not-found.txt,a,b
test.txt,j,c
test2.txt,a,b
new_File.txt,a,b
test-not-found.txt,a,b
test.txt,j,c
test2.txt,a,b
new_File.txt,a,b
test-not-found.txt,a,b
test.txt,j,c
test2.txt,a,b
new_File.txt,a,b
test-not-found.txt,a,b
test.txt,j,c
test2.txt,a,b
new_File.txt,a,b
test-not-found.txt,a,b
test.txt,j,c
SPA,LASTNAME,FIRSTNAME,NUMBER
test2.txt,a,b
new_File.txt,a,b
test-not-found.txt,a,b
test.txt,j,c
test2.txt,a,b
new_File.txt,a,b
test-not-found.txt,a,b
test.txt,j,c
test2.txt,a,b
new_File.txt,a,b
test-not-found.txt,a,b
test.txt,j,c
test2.txt,a,b
new_File.txt,a,b
test-not-found.txt,a,b
test.txt,j,c
test2.txt,a,b
new_File.txt,a,b
test-not-found.txt,a,b
test.txt,j,c
test2.txt,a,b
new_File.txt,a,b
test-not-found.txt,a,b
test.txt,j,c
test2.txt,a,b
new_File.txt,a,b
test-not-found.txt,a,b
test.txt,j,c
test2.txt,a,b
new_File.txt,a,b
test-not-found.txt,a,b
test.txt,j,c
test2.txt,a,b
new_File.txt,a,b
test-not-found.txt,a,b
test.txt,j,c
test2.txt,a,b
new_File.txt,a,b
test-not-found.txt,a,b
test.txt,j,c
test2.txt,a,b
new_File.txt,a,b
test-not-found.txt,a,b
test.txt,j,c
test2.txt,a,b
new_File.txt,a,b
test-not-found.txt,a,b
test.txt,j,c
test2.txt,a,b
new_File.txt,a,b
test-not-found.txt,a,b
test.txt,j,c
test2.txt,a,b
new_File.txt,a,b
test-not-found.txt,a,b
test.txt,j,c
test2.txt,a,b
new_File.txt,a,b
test-not-found.txt,a,b
test.txt,j,c
test2.txt,a,b
new_File.txt,a,b
test-not-found.txt,a,b
test.txt,j,c
test2.txt,a,b
new_File.txt,a,b
test-not-found.txt,a,b
test.txt,j,c
test2.txt,a,b
new_File.txt,a,b
test-not-found.txt,a,b
test.txt,j,c
test2.txt,a,b
new_File.txt,a,b
test-not-found.txt,a,b
test.txt,j,c
test2.txt,a,b
new_File.txt,a,b
test-not-found.txt,a,b
test.txt,j,c
test2.txt,a,b
new_File.txt,a,b
test-not-found.txt,a,b
test.txt,j,c
test2.txt,a,b
new_File.txt,a,b
test-not-found.txt,a,b
test.txt,j,c
test2.txt,a,b
new_File.txt,a,b
test-not-found.txt,a,b
test.txt,j,c
test2.txt,a,b
new_File.txt,a,b
test-not-found.txt,a,b
test.txt,j,c
test2.txt,a,b
new_File.txt,a,b
test-not-found.txt,a,b
test.txt,j,c
test2.txt,a,b
new_File.txt,a,b
test-not-found.txt,a,b
test.txt,j,c
test2.txt,a,b
new_File.txt,a,b
test-not-found.txt,a,b
test.txt,j,c
test2.txt,a,b
new_File.txt,a,b
test-not-found.txt,a,b
test.txt,j,c
test2.txt,a,b
new_File.txt,a,b
test-not-found.txt,a,b
test.txt,j,c
test2.txt,a,b
new_File.txt,a,b
test-not-found.txt,a,b
test.txt,j,c
test2.txt,a,b
new_File.txt,a,b
test-not-found.txt,a,b
test.txt,j,c
test2.txt,a,b
new_File.txt,a,b
test-not-found.txt,a,b
test.txt,j,c
test2.txt,a,b
new_File.txt,a,b
test-not-found.txt,a,b
test.txt,j,c
test2.txt,a,b
new_File.txt,a,b
test-not-found.txt,a,b
test.txt,j,c
test2.txt,a,b
new_File.txt,a,b
test-not-found.txt,a,b
test.txt,j,c
test2.txt,a,b
new_File.txt,a,b
test-not-found.txt,a,b
test.txt,j,c
test2.txt,a,b
new_File.txt,a,b
test-not-found.txt,a,b
test.txt,j,c
test2.txt,a,b
new_File.txt,a,b
test-not-found.txt,a,b
test.txt,j,c
test2.txt,a,b
new_File.txt,a,b
test-not-found.txt,a,b
test.txt,j,c
test2.txt,a,b
new_File.txt,a,b
test-not-found.txt,a,b
test.txt,j,c
test2.txt,a,b
new_File.txt,a,b
test-not-found.txt,a,b
test.txt,j,c
test2.txt,a,b
new_File.txt,a,b
test-not-found.txt,a,b
test.txt,j,c
test2.txt,a,b
new_File.txt,a,b
test-not-found.txt,a,b
test.txt,j,c
test2.txt,a,b
new_File.txt,a,b
test-not-found.txt,a,b
test.txt,j,c
test2.txt,a,b
new_File.txt,a,b
test-not-found.txt,a,b
test.txt,j,c
test2.txt,a,b
new_File.txt,a,b
test-not-found.txt,a,b
test.txt,j,c
test2.txt,a,b
new_File.txt,a,b
test-not-found.txt,a,b
test.txt,j,c
test2.txt,a,b
new_File.txt,a,b
test-not-found.txt,a,b
test.txt,j,c
test2.txt,a,b
new_File.txt,a,b
test-not-found.txt,a,b
test.txt,j,c
test2.txt,a,b
new_File.txt,a,b
test-not-found.txt,a,b
test.txt,j,c
test2.txt,a,b
new_File.txt,a,b
test-not-found.txt,a,b
test.txt,j,c
test2.txt,a,b
new_File.txt,a,b
test-not-found.txt,a,b
test.txt,j,c
test2.txt,a,b
new_File.txt,a,b
test-not-found.txt,a,b
test.txt,j,c
test2.txt,a,b
new_File.txt,a,b
test-not-found.txt,a,b
test.txt,j,c
test2.txt,a,b
new_File.txt,a,b
test-not-found.txt,a,b
test.txt,j,c
test2.txt,a,b
new_File.txt,a,b
test-not-found.txt,a,b
test.txt,j,c
test2.txt,a,b
new_File.txt,a,b
test-not-found.txt,a,b
test.txt,j,c
test2.txt,a,b
new_File.txt,a,b
test-not-found.txt,a,b
test.txt,j,c
test2.txt,a,b
new_File.txt,a,b
test-not-found.txt,a,b
test.txt,j,c
test2.txt,a,b
new_File.txt,a,b
test-not-found.txt,a,b
test.txt,j,c
test2.txt,a,b
new_File.txt,a,b
test-not-found.txt,a,b
test.txt,j,c
test2.txt,a,b
new_File.txt,a,b
test-not-found.txt,a,b
test.txt,j,c
test2.txt,a,b
new_File.txt,a,b
test-not-found.txt,a,b
test.txt,j,c
test2.txt,a,b
new_File.txt,a,b
test-not-found.txt,a,b
test.txt,j,c
test2.txt,a,b
new_File.txt,a,b
test-not-found.txt,a,b
test.txt,j,c
test2.txt,a,b
new_File.txt,a,b
test-not-found.txt,a,b
test.txt,j,c
test2.txt,a,b
new_File.txt,a,b
test-not-found.txt,a,b
test.txt,j,c
test2.txt,a,b
new_File.txt,a,b
test-not-found.txt,a,b
test.txt,j,c
test2.txt,a,b
new_File.txt,a,b
test-not-found.txt,a,b
test.txt,j,c
test2.txt,a,b
new_File.txt,a,b
test-not-found.txt,a,b
test.txt,j,c
test2.txt,a,b
new_File.txt,a,b
test-not-found.txt,a,b
test.txt,j,c
test2.txt,a,b
new_File.txt,a,b
test-not-found.txt,a,b
test.txt,j,c
SPA,LASTNAME,FIRSTNAME,NUMBER
test2.txt,a,b
new_File.txt,a,b
test-not-found.txt,a,b
test.txt,j,c
test2.txt,a,b
new_File.txt,a,b
test-not-found.txt,a,b
test.txt,j,c
test2.txt,a,b
new_File.txt,a,b
test-not-found.txt,a,b
test.txt,j,c
test2.txt,a,b
new_File.txt,a,b
test-not-found.txt,a,b
test.txt,j,c
test2.txt,a,b
new_File.txt,a,b
test-not-found.txt,a,b
test.txt,j,c
test2.txt,a,b
new_File.txt,a,b
test-not-found.txt,a,b
test.txt,j,c
test2.txt,a,b
new_File.txt,a,b
test-not-found.txt,a,b
test.txt,j,c
test2.txt,a,b
new_File.txt,a,b
test-not-found.txt,a,b
test.txt,j,c
test2.txt,a,b
new_File.txt,a,b
test-not-found.txt,a,b
test.txt,j,c
test2.txt,a,b
new_File.txt,a,b
test-not-found.txt,a,b
test.txt,j,c
test2.txt,a,b
new_File.txt,a,b
test-not-found.txt,a,b
test.txt,j,c
test2.txt,a,b
new_File.txt,a,b
test-not-found.txt,a,b
test.txt,j,c
test2.txt,a,b
new_File.txt,a,b
test-not-found.txt,a,b
test.txt,j,c
test2.txt,a,b
new_File.txt,a,b
test-not-found.txt,a,b
test.txt,j,c
test2.txt,a,b
new_File.txt,a,b
test-not-found.txt,a,b
test.txt,j,c
test2.txt,a,b
new_File.txt,a,b
test-not-found.txt,a,b
test.txt,j,c
test2.txt,a,b
new_File.txt,a,b
test-not-found.txt,a,b
test.txt,j,c
test2.txt,a,b
new_File.txt,a,b
test-not-found.txt,a,b
test.txt,j,c
test2.txt,a,b
new_File.txt,a,b
test-not-found.txt,a,b
test.txt,j,c
test2.txt,a,b
new_File.txt,a,b
test-not-found.txt,a,b
test.txt,j,c
test2.txt,a,b
new_File.txt,a,b
test-not-found.txt,a,b
test.txt,j,c
test2.txt,a,b
new_File.txt,a,b
test-not-found.txt,a,b
test.txt,j,c
test2.txt,a,b
new_File.txt,a,b
test-not-found.txt,a,b
test.txt,j,c
test2.txt,a,b
new_File.txt,a,b
test-not-found.txt,a,b
test.txt,j,c
test2.txt,a,b
new_File.txt,a,b
test-not-found.txt,a,b
test.txt,j,c
test2.txt,a,b
new_File.txt,a,b
test-not-found.txt,a,b
test.txt,j,c
test2.txt,a,b
new_File.txt,a,b
test-not-found.txt,a,b
test.txt,j,c
test2.txt,a,b
new_File.txt,a,b
test-not-found.txt,a,b
test.txt,j,c
test2.txt,a,b
new_File.txt,a,b
test-not-found.txt,a,b
test.txt,j,c
test2.txt,a,b
new_File.txt,a,b
test-not-found.txt,a,b
test.txt,j,c
test2.txt,a,b
new_File.txt,a,b
test-not-found.txt,a,b
test.txt,j,c
test2.txt,a,b
new_File.txt,a,b
test-not-found.txt,a,b
test.txt,j,c
test2.txt,a,b
new_File.txt,a,b
test-not-found.txt,a,b
test.txt,j,c
test2.txt,a,b
new_File.txt,a,b
test-not-found.txt,a,b
test.txt,j,c
test2.txt,a,b
new_File.txt,a,b
test-not-found.txt,a,b
test.txt,j,c
test2.txt,a,b
new_File.txt,a,b
test-not-found.txt,a,b
test.txt,j,c
test2.txt,a,b
new_File.txt,a,b
test-not-found.txt,a,b
test.txt,j,c
test2.txt,a,b
new_File.txt,a,b
test-not-found.txt,a,b
test.txt,j,c
test2.txt,a,b
new_File.txt,a,b
test-not-found.txt,a,b
test.txt,j,c
test2.txt,a,b
new_File.txt,a,b
test-not-found.txt,a,b
test.txt,j,c
test2.txt,a,b
new_File.txt,a,b
test-not-found.txt,a,b
test.txt,j,c
test2.txt,a,b
new_File.txt,a,b
test-not-found.txt,a,b
test.txt,j,c
test2.txt,a,b
new_File.txt,a,b
test-not-found.txt,a,b
test.txt,j,c
test2.txt,a,b
new_File.txt,a,b
test-not-found.txt,a,b
test.txt,j,c
test2.txt,a,b
new_File.txt,a,b
test-not-found.txt,a,b
test.txt,j,c
test2.txt,a,b
new_File.txt,a,b
test-not-found.txt,a,b
test.txt,j,c
test2.txt,a,b
new_File.txt,a,b
test-not-found.txt,a,b
test.txt,j,c
test2.txt,a,b
new_File.txt,a,b
test-not-found.txt,a,b
test.txt,j,c
test2.txt,a,b
new_File.txt,a,b
test-not-found.txt,a,b
test.txt,j,c
test2.txt,a,b
new_File.txt,a,b
test-not-found.txt,a,b
test.txt,j,c
test2.txt,a,b
new_File.txt,a,b
test-not-found.txt,a,b
test.txt,j,c
test2.txt,a,b
new_File.txt,a,b
test-not-found.txt,a,b
test.txt,j,c
test2.txt,a,b
new_File.txt,a,b
test-not-found.txt,a,b
test.txt,j,c
test2.txt,a,b
new_File.txt,a,b
test-not-found.txt,a,b
test.txt,j,c
test2.txt,a,b
new_File.txt,a,b
test-not-found.txt,a,b
test.txt,j,c
test2.txt,a,b
new_File.txt,a,b
test-not-found.txt,a,b
test.txt,j,c
test2.txt,a,b
new_File.txt,a,b
test-not-found.txt,a,b
test.txt,j,c
test2.txt,a,b
new_File.txt,a,b
test-not-found.txt,a,b
test.txt,j,c
test2.txt,a,b
new_File.txt,a,b
test-not-found.txt,a,b
test.txt,j,c
test2.txt,a,b
new_File.txt,a,b
test-not-found.txt,a,b
test.txt,j,c
test2.txt,a,b
new_File.txt,a,b
test-not-found.txt,a,b
test.txt,j,c
test2.txt,a,b
new_File.txt,a,b
test-not-found.txt,a,b
test.txt,j,c
test2.txt,a,b
new_File.txt,a,b
test-not-found.txt,a,b
test.txt,j,c
test2.txt,a,b
new_File.txt,a,b
test-not-found.txt,a,b
test.txt,j,c
test2.txt,a,b
new_File.txt,a,b
test-not-found.txt,a,b
test.txt,j,c
test2.txt,a,b
new_File.txt,a,b
test-not-found.txt,a,b
test.txt,j,c
test2.txt,a,b
new_File.txt,a,b
test-not-found.txt,a,b
test.txt,j,c
test2.txt,a,b
new_File.txt,a,b
test-not-found.txt,a,b
test.txt,j,c
test2.txt,a,b
new_File.txt,a,b
test-not-found.txt,a,b
test.txt,j,c
test2.txt,a,b
new_File.txt,a,b
test-not-found.txt,a,b
test.txt,j,c
test2.txt,a,b
new_File.txt,a,b
test-not-found.txt,a,b
test.txt,j,c
test2.txt,a,b
new_File.txt,a,b
test-not-found.txt,a,b
test.txt,j,c
SPA,LASTNAME,FIRSTNAME,NUMBER
test2.txt,a,b
new_File.txt,a,b
test-not-found.txt,a,b
test.txt,j,c
test2.txt,a,b
new_File.txt,a,b
test-not-found.txt,a,b
test.txt,j,c
test2.txt,a,b
new_File.txt,a,b
test-not-found.txt,a,b
test.txt,j,c
test2.txt,a,b
new_File.txt,a,b
test-not-found.txt,a,b
test.txt,j,c
test2.txt,a,b
new_File.txt,a,b
test-not-found.txt,a,b
test.txt,j,c
test2.txt,a,b
new_File.txt,a,b
test-not-found.txt,a,b
test.txt,j,c
test2.txt,a,b
new_File.txt,a,b
test-not-found.txt,a,b
test.txt,j,c
test2.txt,a,b
new_File.txt,a,b
test-not-found.txt,a,b
test.txt,j,c
test2.txt,a,b
new_File.txt,a,b
test-not-found.txt,a,b
test.txt,j,c
test2.txt,a,b
new_File.txt,a,b
test-not-found.txt,a,b
test.txt,j,c
test2.txt,a,b
new_File.txt,a,b
test-not-found.txt,a,b
test.txt,j,c
test2.txt,a,b
new_File.txt,a,b
test-not-found.txt,a,b
test.txt,j,c
test2.txt,a,b
new_File.txt,a,b
test-not-found.txt,a,b
test.txt,j,c
test2.txt,a,b
new_File.txt,a,b
test-not-found.txt,a,b
test.txt,j,c
test2.txt,a,b
new_File.txt,a,b
test-not-found.txt,a,b
test.txt,j,c
test2.txt,a,b
new_File.txt,a,b
test-not-found.txt,a,b
test.txt,j,c
test2.txt,a,b
new_File.txt,a,b
test-not-found.txt,a,b
test.txt,j,c
test2.txt,a,b
new_File.txt,a,b
test-not-found.txt,a,b
test.txt,j,c
test2.txt,a,b
new_File.txt,a,b
test-not-found.txt,a,b
test.txt,j,c
test2.txt,a,b
new_File.txt,a,b
test-not-found.txt,a,b
test.txt,j,c
test2.txt,a,b
new_File.txt,a,b
test-not-found.txt,a,b
test.txt,j,c
test2.txt,a,b
new_File.txt,a,b
test-not-found.txt,a,b
test.txt,j,c
test2.txt,a,b
new_File.txt,a,b
test-not-found.txt,a,b
test.txt,j,c
test2.txt,a,b
new_File.txt,a,b
test-not-found.txt,a,b
test.txt,j,c
test2.txt,a,b
new_File.txt,a,b
test-not-found.txt,a,b
test.txt,j,c
test2.txt,a,b
new_File.txt,a,b
test-not-found.txt,a,b
test.txt,j,c
test2.txt,a,b
new_File.txt,a,b
test-not-found.txt,a,b
test.txt,j,c
test2.txt,a,b
new_File.txt,a,b
test-not-found.txt,a,b
test.txt,j,c
test2.txt,a,b
new_File.txt,a,b
test-not-found.txt,a,b
test.txt,j,c
test2.txt,a,b
new_File.txt,a,b
test-not-found.txt,a,b
test.txt,j,c
test2.txt,a,b
new_File.txt,a,b
test-not-found.txt,a,b
test.txt,j,c
test2.txt,a,b
new_File.txt,a,b
test-not-found.txt,a,b
test.txt,j,c
test2.txt,a,b
new_File.txt,a,b
test-not-found.txt,a,b
test.txt,j,c
test2.txt,a,b
new_File.txt,a,b
test-not-found.txt,a,b
test.txt,j,c
test2.txt,a,b
new_File.txt,a,b
test-not-found.txt,a,b
test.txt,j,c
test2.txt,a,b
new_File.txt,a,b
test-not-found.txt,a,b
test.txt,j,c
test2.txt,a,b
new_File.txt,a,b
test-not-found.txt,a,b
test.txt,j,c
test2.txt,a,b
new_File.txt,a,b
test-not-found.txt,a,b
test.txt,j,c
test2.txt,a,b
new_File.txt,a,b
test-not-found.txt,a,b
test.txt,j,c
test2.txt,a,b
new_File.txt,a,b
test-not-found.txt,a,b
test.txt,j,c
test2.txt,a,b
new_File.txt,a,b
test-not-found.txt,a,b
test.txt,j,c
test2.txt,a,b
new_File.txt,a,b
test-not-found.txt,a,b
test.txt,j,c
test2.txt,a,b
new_File.txt,a,b
test-not-found.txt,a,b
test.txt,j,c
test2.txt,a,b
new_File.txt,a,b
test-not-found.txt,a,b
test.txt,j,c
test2.txt,a,b
new_File.txt,a,b
test-not-found.txt,a,b
test.txt,j,c
test2.txt,a,b
new_File.txt,a,b
test-not-found.txt,a,b
test.txt,j,c
test2.txt,a,b
new_File.txt,a,b
test-not-found.txt,a,b
test.txt,j,c
test2.txt,a,b
new_File.txt,a,b
test-not-found.txt,a,b
test.txt,j,c
test2.txt,a,b
new_File.txt,a,b
test-not-found.txt,a,b
test.txt,j,c
test2.txt,a,b
new_File.txt,a,b
test-not-found.txt,a,b
test.txt,j,c
test2.txt,a,b
new_File.txt,a,b
test-not-found.txt,a,b
test.txt,j,c
test2.txt,a,b
new_File.txt,a,b
test-not-found.txt,a,b
test.txt,j,c
test2.txt,a,b
new_File.txt,a,b
test-not-found.txt,a,b
test.txt,j,c
test2.txt,a,b
new_File.txt,a,b
test-not-found.txt,a,b
test.txt,j,c
test2.txt,a,b
new_File.txt,a,b
test-not-found.txt,a,b
test.txt,j,c
test2.txt,a,b
new_File.txt,a,b
test-not-found.txt,a,b
test.txt,j,c
test2.txt,a,b
new_File.txt,a,b
test-not-found.txt,a,b
test.txt,j,c
test2.txt,a,b
new_File.txt,a,b
test-not-found.txt,a,b
test.txt,j,c
test2.txt,a,b
new_File.txt,a,b
test-not-found.txt,a,b
test.txt,j,c
test2.txt,a,b
new_File.txt,a,b
test-not-found.txt,a,b
test.txt,j,c
test2.txt,a,b
new_File.txt,a,b
test-not-found.txt,a,b
test.txt,j,c
test2.txt,a,b
new_File.txt,a,b
test-not-found.txt,a,b
test.txt,j,c
test2.txt,a,b
new_File.txt,a,b
test-not-found.txt,a,b
test.txt,j,c
test2.txt,a,b
new_File.txt,a,b
test-not-found.txt,a,b
test.txt,j,c
test2.txt,a,b
new_File.txt,a,b
test-not-found.txt,a,b
test.txt,j,c
test2.txt,a,b
new_File.txt,a,b
test-not-found.txt,a,b
test.txt,j,c
test2.txt,a,b
new_File.txt,a,b
test-not-found.txt,a,b
test.txt,j,c
test2.txt,a,b
new_File.txt,a,b
test-not-found.txt,a,b
test.txt,j,c
test2.txt,a,b
new_File.txt,a,b
test-not-found.txt,a,b
test.txt,j,c
test2.txt,a,b
new_File.txt,a,b
test-not-found.txt,a,b
test.txt,j,c
test2.txt,a,b
new_File.txt,a,b
test-not-found.txt,a,b
test.txt,j,c
test2.txt,a,b
new_File.txt,a,b
test-not-found.txt,a,b
test.txt,j,c
SPA,LASTNAME,FIRSTNAME,NUMBER
test2.txt,a,b
new_File.txt,a,b
test-not-found.txt,a,b
test.txt,j,c
test2.txt,a,b
new_File.txt,a,b
test-not-found.txt,a,b
test.txt,j,c
test2.txt,a,b
new_File.txt,a,b
test-not-found.txt,a,b
test.txt,j,c
test2.txt,a,b
new_File.txt,a,b
test-not-found.txt,a,b
test.txt,j,c
test2.txt,a,b
new_File.txt,a,b
test-not-found.txt,a,b
test.txt,j,c
test2.txt,a,b
new_File.txt,a,b
test-not-found.txt,a,b
test.txt,j,c
test2.txt,a,b
new_File.txt,a,b
test-not-found.txt,a,b
test.txt,j,c
test2.txt,a,b
new_File.txt,a,b
test-not-found.txt,a,b
test.txt,j,c
test2.txt,a,b
new_File.txt,a,b
test-not-found.txt,a,b
test.txt,j,c
test2.txt,a,b
new_File.txt,a,b
test-not-found.txt,a,b
test.txt,j,c
test2.txt,a,b
new_File.txt,a,b
test-not-found.txt,a,b
test.txt,j,c
test2.txt,a,b
new_File.txt,a,b
test-not-found.txt,a,b
test.txt,j,c
test2.txt,a,b
new_File.txt,a,b
test-not-found.txt,a,b
test.txt,j,c
test2.txt,a,b
new_File.txt,a,b
test-not-found.txt,a,b
test.txt,j,c
test2.txt,a,b
new_File.txt,a,b
test-not-found.txt,a,b
test.txt,j,c
test2.txt,a,b
new_File.txt,a,b
test-not-found.txt,a,b
test.txt,j,c
test2.txt,a,b
new_File.txt,a,b
test-not-found.txt,a,b
test.txt,j,c
test2.txt,a,b
new_File.txt,a,b
test-not-found.txt,a,b
test.txt,j,c
test2.txt,a,b
new_File.txt,a,b
test-not-found.txt,a,b
test.txt,j,c
test2.txt,a,b
new_File.txt,a,b
test-not-found.txt,a,b
test.txt,j,c
test2.txt,a,b
new_File.txt,a,b
test-not-found.txt,a,b
test.txt,j,c
test2.txt,a,b
new_File.txt,a,b
test-not-found.txt,a,b
test.txt,j,c
test2.txt,a,b
new_File.txt,a,b
test-not-found.txt,a,b
test.txt,j,c
test2.txt,a,b
new_File.txt,a,b
test-not-found.txt,a,b
test.txt,j,c
test2.txt,a,b
new_File.txt,a,b
test-not-found.txt,a,b
test.txt,j,c
test2.txt,a,b
new_File.txt,a,b
test-not-found.txt,a,b
test.txt,j,c
test2.txt,a,b
new_File.txt,a,b
test-not-found.txt,a,b
test.txt,j,c
test2.txt,a,b
new_File.txt,a,b
test-not-found.txt,a,b
test.txt,j,c
test2.txt,a,b
new_File.txt,a,b
test-not-found.txt,a,b
test.txt,j,c
test2.txt,a,b
new_File.txt,a,b
test-not-found.txt,a,b
test.txt,j,c
test2.txt,a,b
new_File.txt,a,b
test-not-found.txt,a,b
test.txt,j,c
test2.txt,a,b
new_File.txt,a,b
test-not-found.txt,a,b
test.txt,j,c
test2.txt,a,b
new_File.txt,a,b
test-not-found.txt,a,b
test.txt,j,c
test2.txt,a,b
new_File.txt,a,b
test-not-found.txt,a,b
test.txt,j,c
test2.txt,a,b
new_File.txt,a,b
test-not-found.txt,a,b
test.txt,j,c
test2.txt,a,b
new_File.txt,a,b
test-not-found.txt,a,b
test.txt,j,c
test2.txt,a,b
new_File.txt,a,b
test-not-found.txt,a,b
test.txt,j,c
test2.txt,a,b
new_File.txt,a,b
test-not-found.txt,a,b
test.txt,j,c
test2.txt,a,b
new_File.txt,a,b
test-not-found.txt,a,b
test.txt,j,c
test2.txt,a,b
new_File.txt,a,b
test-not-found.txt,a,b
test.txt,j,c
test2.txt,a,b
new_File.txt,a,b
test-not-found.txt,a,b
test.txt,j,c
test2.txt,a,b
new_File.txt,a,b
test-not-found.txt,a,b
test.txt,j,c
test2.txt,a,b
new_File.txt,a,b
test-not-found.txt,a,b
test.txt,j,c
test2.txt,a,b
new_File.txt,a,b
test-not-found.txt,a,b
test.txt,j,c
test2.txt,a,b
new_File.txt,a,b
test-not-found.txt,a,b
test.txt,j,c
test2.txt,a,b
new_File.txt,a,b
test-not-found.txt,a,b
test.txt,j,c
test2.txt,a,b
new_File.txt,a,b
test-not-found.txt,a,b
test.txt,j,c
test2.txt,a,b
new_File.txt,a,b
test-not-found.txt,a,b
test.txt,j,c
test2.txt,a,b
new_File.txt,a,b
test-not-found.txt,a,b
test.txt,j,c
test2.txt,a,b
new_File.txt,a,b
test-not-found.txt,a,b
test.txt,j,c
test2.txt,a,b
new_File.txt,a,b
test-not-found.txt,a,b
test.txt,j,c
test2.txt,a,b
new_File.txt,a,b
test-not-found.txt,a,b
test.txt,j,c
test2.txt,a,b
new_File.txt,a,b
test-not-found.txt,a,b
test.txt,j,c
test2.txt,a,b
new_File.txt,a,b
test-not-found.txt,a,b
test.txt,j,c
test2.txt,a,b
new_File.txt,a,b
test-not-found.txt,a,b
test.txt,j,c
test2.txt,a,b
new_File.txt,a,b
test-not-found.txt,a,b
test.txt,j,c
test2.txt,a,b
new_File.txt,a,b
test-not-found.txt,a,b
test.txt,j,c
test2.txt,a,b
new_File.txt,a,b
test-not-found.txt,a,b
test.txt,j,c
test2.txt,a,b
new_File.txt,a,b
test-not-found.txt,a,b
test.txt,j,c
test2.txt,a,b
new_File.txt,a,b
test-not-found.txt,a,b
test.txt,j,c
test2.txt,a,b
new_File.txt,a,b
test-not-found.txt,a,b
test.txt,j,c
test2.txt,a,b
new_File.txt,a,b
test-not-found.txt,a,b
test.txt,j,c
test2.txt,a,b
new_File.txt,a,b
test-not-found.txt,a,b
test.txt,j,c
test2.txt,a,b
new_File.txt,a,b
test-not-found.txt,a,b
test.txt,j,c
test2.txt,a,b
new_File.txt,a,b
test-not-found.txt,a,b
test.txt,j,c
test2.txt,a,b
new_File.txt,a,b
test-not-found.txt,a,b
test.txt,j,c
test2.txt,a,b
new_File.txt,a,b
test-not-found.txt,a,b
test.txt,j,c
test2.txt,a,b
new_File.txt,a,b
test-not-found.txt,a,b
test.txt,j,c
test2.txt,a,b
new_File.txt,a,b
test-not-found.txt,a,b
test.txt,j,c
test2.txt,a,b
new_File.txt,a,b
test-not-found.txt,a,b
test.txt,j,c
test2.txt,a,b
new_File.txt,a,b
test-not-found.txt,a,b
test.txt,j,c
test2.txt,a,b
new_File.txt,a,b
test-not-found.txt,a,b
test.txt,j,c